{"term_frequency_dict": {"smu": 1, "univers": 1, "moor": 4, "contact": 1, "look": 1, "opinion": 1, "cours": 2, "web": 1, "canva": 1, "keep": 1, "site": 2, "respons": 1, "cse": 3, "may": 1, "calendar": 1, "inform": 1, "polici": 1, "necessarili": 1, "methodist": 1, "syllabu": 2, "spring": 3, "repres": 1, "southern": 1, "phd": 1, "tent": 1, "content": 1, "lyle.smu.edu": 2, "fmoor": 2, "administr": 1, "freeman": 4, "email": 1, "tuesday/thursday": 1, "caruth": 1, "sole": 1, "fall": 1}, "content_hash": "61ec4bf2dc00d6f19af8d2e11534b848", "document_id": 7}