{"term_frequency_dict": {"onlin": 2, "http": 1, "common": 1, "realli": 1, "taught": 1, "wild": 1, "includ": 1, "word": 2, "overlap": 4, "white-spac": 1, "document.getelementsbytagnam": 1, "offici": 1, "goe": 2, "display": 1, "font-famili": 1, "background": 2, "yield": 2, "stemmed.join": 1, "algorithm": 1, "ga.src": 1, "width:600px": 1, "think": 1, "efe": 1, "test.split": 1, "document": 2, "classif": 1, "scroll": 1, "overflow-i": 1, "test": 3, "lucen": 1, "field": 1, "document.createel": 1, "implement": 1, "refer": 2, "overlap.join": 1, "var": 4, "invers": 1, "ga.async": 1, "stop": 1, "weak": 1, "courag": 1, "margin-top:15px": 1, "output": 2, "non-word": 1, "monospac": 1, "carrot2": 1, "alon": 1, "softwar": 1, "stemmed.push": 1, "strength": 2, "inline-block": 1, "dump": 2, "margin:0": 1, "javascript": 1, "true": 1, "site": 2, "porter": 3, "overlap.push": 1, "terribl": 1, "free": 1, "padding:5px": 1, "textarea": 1, "overlay": 4, "normal": 1, "frequenc": 1, "demo": 1, "topic": 1, "font-styl": 1, "document.location.protocol": 1, "height:300px": 1, "test.replac": 2, "left": 1, "text-align": 1, "exampl": 1, "content": 1, "relat": 1, "stemmer": 3, "temptat": 2, "tell": 1, "oscar": 1, "document.getelementbyid": 3, "function": 2, "multipl": 1, "split": 1, "find": 1, "font-size:1.5em": 1, "ga.typ": 1, "stem": 13, "requir": 1, "s.parentnode.insertbefor": 1, "wordlist": 5}, "content_hash": "ba7983688b49e916a344d1fe6bf30bdb", "document_id": 4}