{"term_frequency_dict": {"space": 2, "maintain": 1, "porter": 1, "smu": 1, "break": 1, "tuesday": 1, "bigram": 1, "preliminari": 1, "project": 4, "retriev": 2, "due": 8, "mar": 4, "queri": 1, "compress": 1, "user": 1, "read": 1, "class": 2, "mercat": 1, "feedback": 1, "cse": 2, "distanc": 2, "algorithm": 1, "hmwk": 11, "catch": 1, "assign": 8, "spell": 1, "similar": 1, "document": 1, "wildcard": 1, "classif": 2, "bad": 1, "cluster": 1, "topic": 1, "apr": 4, "univers": 1, "hmwk4": 1, "cours": 1, "date": 1, "crawl": 1, "index": 3, "error": 1, "vector": 2, "term": 1, "advertis": 1, "expans": 1, "link": 2, "spring": 2, "score": 2, "schedul": 4, "list": 1, "latest": 1, "overview": 1, "evalu": 1, "internet": 1, "dark": 1, "web": 2, "exam1": 1, "relev": 1, "example2": 1, "figur": 1, "jan": 2, "exam": 3, "may": 4, "page": 1, "inform": 1, "per": 1, "model": 2, "levenshtein": 1, "analysi": 1, "post": 1, "agent": 1, "boolean": 1, "exampl": 4, "content": 1, "stemmer": 1, "complet": 1, "feb": 4, "search": 1, "day": 1, "introduct": 1, "activ": 2, "text": 1, "student": 1, "review": 1, "soundex": 1, "chpt": 14, "permuterm": 1, "onlin": 1, "statu": 1, "wordlist": 1, "articl": 3}, "content_hash": "0d34e83c32cf4793f11a20fd75e36d07", "document_id": 2}