{"term_frequency_dict": {"smu": 1, "moor": 4, "contact": 1, "look": 1, "opinion": 1, "latest": 1, "cours": 1, "web": 1, "keep": 1, "site": 2, "respons": 1, "cse": 2, "may": 1, "calendar": 1, "inform": 1, "polici": 1, "necessarili": 1, "methodist": 1, "syllabu": 2, "spring": 4, "repres": 1, "smu.edu": 2, "southern": 1, "phd": 1, "t/th": 1, "content": 1, "univers": 1, "fmoor": 2, "administr": 1, "freeman": 4, "email": 1, "caruth": 1, "sole": 1, "fall": 1}, "content_hash": "d4d64dbb697ca67d7251c08f93fbe576", "document_id": 1}