{"term_frequency_dict": {"levenshteindist": 2, "di": 3, "len_s+1": 2, "fast": 1, "dog": 1, "len_s2": 2, "charact": 1, "myform.string1.valu": 1, "number": 1, "function": 2, "els": 1, "i-1": 3, "distanc": 3, "cat": 2, "math.min": 1, "demo": 1, "do_calc": 1, "len_t": 6, "cost": 4, "levenshtein": 2, "len_t+1": 1, "calcul": 1, "respect": 1, "new": 2, "exampl": 1, "len_s1": 4, "string": 3, "j-1": 3, "array": 2, "myform.distance.valu": 2, "t.charat": 1, "var": 3, "s1.length": 1, "len_": 6, "myform.string2.valu": 1, "s.charat": 1, "s2.length": 1, "return": 1}, "content_hash": "45ced4cd26142f36695b8baebc38b7a4", "document_id": 5}