{"term_frequency_dict": {"smu": 1, "m/w": 1, "moor": 4, "contact": 1, "look": 1, "opinion": 1, "latest": 1, "histori": 2, "databas": 1, "cours": 1, "web": 1, "keep": 1, "site": 2, "respons": 1, "cse": 2, "may": 1, "calendar": 1, "inform": 1, "univers": 1, "polici": 1, "necessarili": 1, "methodist": 1, "system": 1, "syllabu": 2, "spring": 1, "repres": 1, "southern": 1, "phd": 1, "oracl": 1, "articl": 1, "highlight": 1, "lyle.smu.edu": 2, "fmoor": 2, "administr": 1, "brief": 1, "freeman": 4, "email": 1, "caruth": 1, "sole": 1, "fall": 4, "content": 1}, "content_hash": "1dd3aa9e4b964e50a7d343a2c9d93b00", "document_id": 3}