{"https://smu.instructure.com": "https://idp.smu.edu/idp/profile/SAML2/Redirect/SSO;jsessionid=db0e96fx6svt1vugmp8fow74u?execution=e1s1", "https://s2.smu.edu/~fmoore/": "https://s2.smu.edu/~fmoore/", "http://tartarus.org/~martin/PorterStemmer/": "https://tartarus.org/martin/PorterStemmer/", "https://s2.smu.edu/~fmoore/misc/count_letters.txt": "https://s2.smu.edu/~fmoore/misc/count_letters.txt", "https://s2.smu.edu/~fmoore/does_not_exist.htm": "https://s2.smu.edu/~fmoore/does_not_exist.htm", "https://s2.smu.edu/~fmoore/misc/levenshtein.html": "https://s2.smu.edu/~fmoore/misc/levenshtein.html", "https://s2.smu.edu/~fmoore/this_aint_gonna_work.htm": "https://s2.smu.edu/~fmoore/this_aint_gonna_work.htm", "https://s2.smu.edu/~fmoore/timeline.pdf": "https://s2.smu.edu/~fmoore/timeline.pdf", "https://en.wikipedia.org/wiki/Document_classification": "https://en.wikipedia.org/wiki/Document_classification", "https://s2.smu.edu/~fmoore/misc/algorithm-1-7.pdf": "https://s2.smu.edu/~fmoore/misc/algorithm-1-7.pdf", "https://www.smu.edu/lyle": "https://www.smu.edu/lyle", "https://tartarus.org/martin/PorterStemmer/": "https://tartarus.org/martin/PorterStemmer/", "https://s2.smu.edu/~fmoore/misc/porter_stemmer_example.html": "https://s2.smu.edu/~fmoore/misc/porter_stemmer_example.html", "https://en.wikipedia.org/wiki/Tf*idf": "https://en.wikipedia.org/wiki/Tf*idf", "https://s2.smu.edu/~fmoore/syl_7330.pdf": "https://s2.smu.edu/~fmoore/syl_7330.pdf", "https://s2.smu.edu/~fmoore/misc/bigram-example.jpg": "https://s2.smu.edu/~fmoore/misc/bigram-example.jpg", "https://s2.smu.edu/~fmoore/SMU-CSE-LOGO.gif": "https://s2.smu.edu/~fmoore/SMU-CSE-LOGO.gif", "http://en.wikipedia.org/wiki/Stop_words": "https://en.wikipedia.org/wiki/Stop_words", "https://s2.smu.edu/~fmoore/CSE5337_syllabus.pdf": "https://s2.smu.edu/~fmoore/CSE5337_syllabus.pdf", "http://en.wikipedia.org/wiki/Document_classification": "https://en.wikipedia.org/wiki/Document_classification", "http://lyle.smu.edu/~fmoore/this_aint_gonna_work.htm": "https://s2.smu.edu/~fmoore/this_aint_gonna_work.htm", "https://s2.smu.edu/~fmoore/SMU-CSE-LOGO-COLOR.png": "https://s2.smu.edu/~fmoore/SMU-CSE-LOGO-COLOR.png", "https://s2.smu.edu/~fmoore/misc/example-2018-02-27.xlsx": "https://s2.smu.edu/~fmoore/misc/example-2018-02-27.xlsx", "http://www.smu.edu/EnrollmentServices/Registrar/Enrollment/FinalExamSchedule/Spring2018": "https://www.smu.edu/EnrollmentServices/Registrar/Enrollment/FinalExamSchedule/Spring2018", "https://s2.smu.edu/~fmoore/misc/CACM-Internet-Advertising-Oct-2017.pdf": "https://s2.smu.edu/~fmoore/misc/CACM-Internet-Advertising-Oct-2017.pdf", "http://oracle.com.edgesuite.net/timeline/oracle/": "http://oracle.com.edgesuite.net/timeline/oracle/", "http://9ol.es/porter_js_demo.html": "http://9ol.es/porter_js_demo.html", "https://www.smu.edu/EnrollmentServices/Registrar/Enrollment/FinalExamSchedule/Spring2018": "https://www.smu.edu/EnrollmentServices/Registrar/Enrollment/FinalExamSchedule/Spring2018", "mailto:fmoore@smu.edu": "mailto:fmoore@smu.edu", "https://s2.smu.edu/~fmoore/misc/figure6-12.xlsx": "https://s2.smu.edu/~fmoore/misc/figure6-12.xlsx", "http://www.gedpage.com/soundex.html": "http://www.gedpage.com/soundex.html", "https://s2.smu.edu/~fmoore/schedule.htm": "https://s2.smu.edu/~fmoore/schedule.htm", "http://lyle.smu.edu/~fmoore/index-final.htm": "https://s2.smu.edu/~fmoore/index-final.htm", "https://s2.smu.edu/~fmoore/index-fall2017.htm": "https://s2.smu.edu/~fmoore/index-fall2017.htm", "https://s2.smu.edu/~fmoore/dontgohere/": "https://s2.smu.edu/~fmoore/dontgohere/", "https://s2.smu.edu/~fmoore/syl_5330.pdf": "https://s2.smu.edu/~fmoore/syl_5330.pdf", "https://s2.smu.edu/~fmoore/misc/IEEE-Spectrum-The-Dark-Dialect-Oct-2017.pdf": "https://s2.smu.edu/~fmoore/misc/IEEE-Spectrum-The-Dark-Dialect-Oct-2017.pdf", "mailto:fmoore@lyle.smu.edu": "mailto:fmoore@lyle.smu.edu", "https://s2.smu.edu/~fmoore/misc/count_letters_duplicate.txt": "https://s2.smu.edu/~fmoore/misc/count_letters_duplicate.txt", "https://s2.smu.edu/~fmoore/index.htm": "https://s2.smu.edu/~fmoore/index.htm", "https://s2.smu.edu/~fmoore/CSE7337_syllabus.pdf": "https://s2.smu.edu/~fmoore/CSE7337_syllabus.pdf", "http://lyle.smu.edu/~fmoore/": "https://s2.smu.edu/~fmoore/", "https://s2.smu.edu/~fmoore/misc/exam1.html": "https://s2.smu.edu/~fmoore/misc/exam1.html", "http://search.carrot2.org/stable/search": "http://search.carrot2.org/stable/search", "https://s2.smu.edu/~fmoore/misc/mercator-article.pdf": "https://s2.smu.edu/~fmoore/misc/mercator-article.pdf", "https://s2.smu.edu/~fmoore/SMU-CSE-LOGO-COLOR.gif": "https://s2.smu.edu/~fmoore/SMU-CSE-LOGO-COLOR.gif", "https://s2.smu.edu/~fmoore/dontgohere/wordlist.txt": "https://s2.smu.edu/~fmoore/dontgohere/wordlist.txt", "https://en.wikipedia.org/wiki/Stop_words": "https://en.wikipedia.org/wiki/Stop_words", "https://s2.smu.edu/~fmoore/misc/permutermindex-example.jpg": "https://s2.smu.edu/~fmoore/misc/permutermindex-example.jpg", "https://s2.smu.edu/~fmoore/dontgohere/badfile1.html": "https://s2.smu.edu/~fmoore/dontgohere/badfile1.html", "https://s2.smu.edu/~fmoore/misc/sim_example-2018-02-15.xlsx": "https://s2.smu.edu/~fmoore/misc/sim_example-2018-02-15.xlsx", "http://en.wikipedia.org/wiki/Tf*idf": "https://en.wikipedia.org/wiki/Tf*idf", "http://lyle.smu.edu/~fmoore/index-fall2017.htm": "https://s2.smu.edu/~fmoore/index-fall2017.htm", "http://lucene.apache.org/core/": "http://lucene.apache.org/core/", "https://s2.smu.edu/~fmoore/misc/useragent.php": "https://s2.smu.edu/~fmoore/misc/useragent.php", "https://s2.smu.edu/~fmoore/index-final.htm": "https://s2.smu.edu/~fmoore/index-final.htm", "https://s2.smu.edu/~fmoore/misc/sim-example-2018-02-15.xlsx": "https://s2.smu.edu/~fmoore/misc/sim_example-2018-02-15.xlsx", "https://idp.smu.edu/idp/profile/SAML2/Redirect/SSO;jsessionid=db0e96fx6svt1vugmp8fow74u?execution=e1s1": "https://idp.smu.edu/idp/profile/SAML2/Redirect/SSO;jsessionid=db0e96fx6svt1vugmp8fow74u?execution=e1s1", "https://s2.smu.edu/~fmoore/index_duplicate.htm": "https://s2.smu.edu/~fmoore/index_duplicate.htm", "http://lyle.smu.edu": "https://www.smu.edu/lyle"}