{"https://s2.smu.edu/~fmoore/": 1, "https://s2.smu.edu/~fmoore/misc/count_letters.txt": 6, "https://s2.smu.edu/~fmoore/does_not_exist.htm": 7, "https://s2.smu.edu/~fmoore/misc/mercator-article.pdf": 16, "https://s2.smu.edu/~fmoore/this_aint_gonna_work.htm": 8, "https://s2.smu.edu/~fmoore/syl_5330.pdf": 26, "https://s2.smu.edu/~fmoore/timeline.pdf": 27, "https://s2.smu.edu/~fmoore/misc/algorithm-1-7.pdf": 9, "https://s2.smu.edu/~fmoore/misc/count_letters_duplicate.txt": 10, "https://s2.smu.edu/~fmoore/index.htm": 11, "https://s2.smu.edu/~fmoore/CSE7337_syllabus.pdf": 5, "https://s2.smu.edu/~fmoore/misc/porter_stemmer_example.html": 12, "https://s2.smu.edu/~fmoore/misc/levenshtein.html": 13, "https://s2.smu.edu/~fmoore/misc/bigram-example.jpg": 14, "https://s2.smu.edu/~fmoore/misc/exam1.html": 15, "https://s2.smu.edu/~fmoore/CSE5337_syllabus.pdf": 2, "https://s2.smu.edu/~fmoore/misc/permutermindex-example.jpg": 17, "https://s2.smu.edu/~fmoore/misc/example-2018-02-27.xlsx": 18, "https://s2.smu.edu/~fmoore/misc/sim_example-2018-02-15.xlsx": 19, "https://s2.smu.edu/~fmoore/misc/CACM-Internet-Advertising-Oct-2017.pdf": 20, "https://s2.smu.edu/~fmoore/SMU-CSE-LOGO.gif": 29, "https://s2.smu.edu/~fmoore/misc/figure6-12.xlsx": 21, "https://s2.smu.edu/~fmoore/misc/useragent.php": 22, "https://s2.smu.edu/~fmoore/index-fall2017.htm": 4, "https://s2.smu.edu/~fmoore/misc/IEEE-Spectrum-The-Dark-Dialect-Oct-2017.pdf": 23, "https://s2.smu.edu/~fmoore/schedule.htm": 3, "https://s2.smu.edu/~fmoore/syl_7330.pdf": 25, "https://s2.smu.edu/~fmoore/index_duplicate.htm": 24, "https://s2.smu.edu/~fmoore/index-final.htm": 28}