{"content_type": "text/html", "content_hash": "61ec4bf2dc00d6f19af8d2e11534b848", "status_code": 200, "normalized_a_hrefs": ["https://s2.smu.edu/~fmoore/SMU-CSE-LOGO.gif", "mailto:fmoore@lyle.smu.edu", "https://s2.smu.edu/~fmoore/CSE5337_syllabus.pdf", "https://s2.smu.edu/~fmoore/CSE7337_syllabus.pdf", "https://s2.smu.edu/~fmoore/schedule.htm", "https://smu.instructure.com", "https://s2.smu.edu/~fmoore/dontgohere/badfile1.html"], "requested_url": "https://s2.smu.edu/~fmoore/index-final.htm", "resolved_normalized_img_srcs": ["https://s2.smu.edu/~fmoore/SMU-CSE-LOGO.gif"], "url_id": 28, "resolved_normalized_a_hrefs": ["https://s2.smu.edu/~fmoore/SMU-CSE-LOGO.gif", "mailto:fmoore@lyle.smu.edu", "https://s2.smu.edu/~fmoore/CSE5337_syllabus.pdf", "https://s2.smu.edu/~fmoore/CSE7337_syllabus.pdf", "https://s2.smu.edu/~fmoore/schedule.htm", "https://idp.smu.edu/idp/profile/SAML2/Redirect/SSO;jsessionid=db0e96fx6svt1vugmp8fow74u?execution=e1s1", "https://s2.smu.edu/~fmoore/dontgohere/badfile1.html"], "normalized_img_srcs": ["https://s2.smu.edu/~fmoore/SMU-CSE-LOGO.gif"], "resolved_requested_url": "https://s2.smu.edu/~fmoore/index-final.htm", "redirect_history": []}