{"content_type": "text/html", "content_hash": "1dd3aa9e4b964e50a7d343a2c9d93b00", "status_code": 200, "normalized_a_hrefs": ["mailto:fmoore@lyle.smu.edu", "http://lyle.smu.edu", "http://lyle.smu.edu/~fmoore/index-final.htm", "https://s2.smu.edu/~fmoore/schedule.htm", "https://s2.smu.edu/~fmoore/syl_5330.pdf", "https://s2.smu.edu/~fmoore/syl_7330.pdf", "https://s2.smu.edu/~fmoore/timeline.pdf", "http://oracle.com.edgesuite.net/timeline/oracle/"], "requested_url": "https://s2.smu.edu/~fmoore/index-fall2017.htm", "resolved_normalized_img_srcs": ["https://s2.smu.edu/~fmoore/SMU-CSE-LOGO-COLOR.gif"], "url_id": 4, "resolved_normalized_a_hrefs": ["mailto:fmoore@lyle.smu.edu", "https://www.smu.edu/lyle", "https://s2.smu.edu/~fmoore/index-final.htm", "https://s2.smu.edu/~fmoore/schedule.htm", "https://s2.smu.edu/~fmoore/syl_5330.pdf", "https://s2.smu.edu/~fmoore/syl_7330.pdf", "https://s2.smu.edu/~fmoore/timeline.pdf", "http://oracle.com.edgesuite.net/timeline/oracle/"], "normalized_img_srcs": ["https://s2.smu.edu/~fmoore/SMU-CSE-LOGO-COLOR.gif"], "resolved_requested_url": "https://s2.smu.edu/~fmoore/index-fall2017.htm", "redirect_history": []}