{"content_type": "text/html", "content_hash": "d4d64dbb697ca67d7251c08f93fbe576", "status_code": 200, "normalized_a_hrefs": ["mailto:fmoore@smu.edu", "http://lyle.smu.edu", "http://lyle.smu.edu/~fmoore/index-fall2017.htm", "https://s2.smu.edu/~fmoore/schedule.htm", "https://s2.smu.edu/~fmoore/CSE5337_syllabus.pdf", "https://s2.smu.edu/~fmoore/CSE7337_syllabus.pdf"], "requested_url": "https://s2.smu.edu/~fmoore/", "resolved_normalized_img_srcs": ["https://s2.smu.edu/~fmoore/SMU-CSE-LOGO-COLOR.gif"], "url_id": 1, "resolved_normalized_a_hrefs": ["mailto:fmoore@smu.edu", "https://www.smu.edu/lyle", "https://s2.smu.edu/~fmoore/index-fall2017.htm", "https://s2.smu.edu/~fmoore/schedule.htm", "https://s2.smu.edu/~fmoore/CSE5337_syllabus.pdf", "https://s2.smu.edu/~fmoore/CSE7337_syllabus.pdf"], "normalized_img_srcs": ["https://s2.smu.edu/~fmoore/SMU-CSE-LOGO-COLOR.gif"], "resolved_requested_url": "https://s2.smu.edu/~fmoore/", "redirect_history": []}