{"content_type": "text/html", "content_hash": "ba7983688b49e916a344d1fe6bf30bdb", "status_code": 200, "normalized_a_hrefs": ["http://tartarus.org/~martin/PorterStemmer/", "http://en.wikipedia.org/wiki/Document_classification", "http://en.wikipedia.org/wiki/Stop_words", "http://en.wikipedia.org/wiki/Tf*idf", "http://lucene.apache.org/core/", "http://search.carrot2.org/stable/search", "http://9ol.es/porter_js_demo.html"], "requested_url": "https://s2.smu.edu/~fmoore/misc/porter_stemmer_example.html", "resolved_normalized_img_srcs": [], "url_id": 12, "resolved_normalized_a_hrefs": ["https://tartarus.org/martin/PorterStemmer/", "https://en.wikipedia.org/wiki/Document_classification", "https://en.wikipedia.org/wiki/Stop_words", "https://en.wikipedia.org/wiki/Tf*idf", "http://lucene.apache.org/core/", "http://search.carrot2.org/stable/search", "http://9ol.es/porter_js_demo.html"], "normalized_img_srcs": [], "resolved_requested_url": "https://s2.smu.edu/~fmoore/misc/porter_stemmer_example.html", "redirect_history": []}