{"content_type": "text/html", "content_hash": "0d34e83c32cf4793f11a20fd75e36d07", "status_code": 200, "normalized_a_hrefs": ["https://s2.smu.edu/~fmoore/index.htm", "https://s2.smu.edu/~fmoore/index_duplicate.htm", "https://s2.smu.edu/~fmoore/does_not_exist.htm", "https://s2.smu.edu/~fmoore/misc/count_letters.txt", "https://s2.smu.edu/~fmoore/misc/count_letters_duplicate.txt", "https://s2.smu.edu/~fmoore/misc/IEEE-Spectrum-The-Dark-Dialect-Oct-2017.pdf", "https://s2.smu.edu/~fmoore/misc/algorithm-1-7.pdf", "https://s2.smu.edu/~fmoore/misc/CACM-Internet-Advertising-Oct-2017.pdf", "https://s2.smu.edu/~fmoore/misc/porter_stemmer_example.html", "https://s2.smu.edu/~fmoore/misc/mercator-article.pdf", "https://s2.smu.edu/~fmoore/misc/figure6-12.xlsx", "https://s2.smu.edu/~fmoore/misc/sim-example-2018-02-15.xlsx", "https://s2.smu.edu/~fmoore/misc/levenshtein.html", "http://www.gedpage.com/soundex.html", "https://s2.smu.edu/~fmoore/dontgohere/wordlist.txt", "https://s2.smu.edu/~fmoore/misc/permutermindex-example.jpg", "https://s2.smu.edu/~fmoore/misc/bigram-example.jpg", "https://s2.smu.edu/~fmoore/misc/example-2018-02-27.xlsx", "https://s2.smu.edu/~fmoore/misc/useragent.php", "https://s2.smu.edu/~fmoore/misc/exam1.html", "http://lyle.smu.edu/~fmoore/this_aint_gonna_work.htm", "https://s2.smu.edu/~fmoore/this_aint_gonna_work.htm", "http://www.smu.edu/EnrollmentServices/Registrar/Enrollment/FinalExamSchedule/Spring2018"], "requested_url": "https://s2.smu.edu/~fmoore/schedule.htm", "resolved_normalized_img_srcs": [], "url_id": 3, "resolved_normalized_a_hrefs": ["https://s2.smu.edu/~fmoore/index.htm", "https://s2.smu.edu/~fmoore/index_duplicate.htm", "https://s2.smu.edu/~fmoore/does_not_exist.htm", "https://s2.smu.edu/~fmoore/misc/count_letters.txt", "https://s2.smu.edu/~fmoore/misc/count_letters_duplicate.txt", "https://s2.smu.edu/~fmoore/misc/IEEE-Spectrum-The-Dark-Dialect-Oct-2017.pdf", "https://s2.smu.edu/~fmoore/misc/algorithm-1-7.pdf", "https://s2.smu.edu/~fmoore/misc/CACM-Internet-Advertising-Oct-2017.pdf", "https://s2.smu.edu/~fmoore/misc/porter_stemmer_example.html", "https://s2.smu.edu/~fmoore/misc/mercator-article.pdf", "https://s2.smu.edu/~fmoore/misc/figure6-12.xlsx", "https://s2.smu.edu/~fmoore/misc/sim_example-2018-02-15.xlsx", "https://s2.smu.edu/~fmoore/misc/levenshtein.html", "http://www.gedpage.com/soundex.html", "https://s2.smu.edu/~fmoore/dontgohere/wordlist.txt", "https://s2.smu.edu/~fmoore/misc/permutermindex-example.jpg", "https://s2.smu.edu/~fmoore/misc/bigram-example.jpg", "https://s2.smu.edu/~fmoore/misc/example-2018-02-27.xlsx", "https://s2.smu.edu/~fmoore/misc/useragent.php", "https://s2.smu.edu/~fmoore/misc/exam1.html", "https://s2.smu.edu/~fmoore/this_aint_gonna_work.htm", "https://s2.smu.edu/~fmoore/this_aint_gonna_work.htm", "https://www.smu.edu/EnrollmentServices/Registrar/Enrollment/FinalExamSchedule/Spring2018"], "normalized_img_srcs": [], "resolved_requested_url": "https://s2.smu.edu/~fmoore/schedule.htm", "redirect_history": []}