{"content_type": "text/html; charset=UTF-8", "content_hash": "f69f8a515cf27dcc49e2a0859c4efc29", "status_code": 200, "normalized_a_hrefs": [], "requested_url": "https://s2.smu.edu/~fmoore/misc/useragent.php", "resolved_normalized_img_srcs": ["https://s2.smu.edu/~fmoore/SMU-CSE-LOGO-COLOR.png"], "url_id": 22, "resolved_normalized_a_hrefs": [], "normalized_img_srcs": ["https://s2.smu.edu/~fmoore/SMU-CSE-LOGO-COLOR.png"], "resolved_requested_url": "https://s2.smu.edu/~fmoore/misc/useragent.php", "redirect_history": []}